[
{
    "model": "observations.encounter",
    "pk": 1,
    "fields": {
        "polymorphic_ctype": [
            "observations",
            "animalencounter"
        ],
        "status": "new",
        "when": "2013-07-17T07:35:00Z",
        "where": "SRID=4326;POINT (115.3263664245600069 -20.8798103332519993)",
        "location_accuracy": "10m",
        "observer": [
            "PeterK"
        ],
        "reporter": [
            "PeterK"
        ],
        "as_html": "<h4>Chelonia mydas (Green turtle)</h4><i class=\"fa fa-heartbeat\"></i>&nbsp;Mummified (dead, skin holding bones) not observed sex not determined or not examined B - Beach: Below the vegetation line of the grass slope<div class=\"popup\"><i class=\"fa fa-calendar\"></i>&nbsp;17/07/2013 15:35:00 AWST</div><div class=\"popup\"><i class=\"fa fa-user\"></i>&nbsp;Peter Kendrick</div><div class=\"popup\"><i class=\"fa fa-eye\"></i>&nbsp;Damage&nbsp<i class=\"fa fa-times\"></i></div><div class=\"popup\"><i class=\"fa fa-eye\"></i>&nbsp;PIT tags scanned&nbsp<i class=\"fa fa-question-circle-o\"></i></div><div class=\"popup\"><i class=\"fa fa-eye\"></i>&nbsp;Missing Limbs&nbsp<i class=\"fa fa-question-circle-o\"></i></div><div class=\"popup\"><i class=\"fa fa-eye\"></i>&nbsp;Barnacles&nbsp<i class=\"fa fa-times\"></i></div><div class=\"popup\"><i class=\"fa fa-eye\"></i>&nbsp;Algal growth&nbsp<i class=\"fa fa-question-circle-o\"></i></div><div class=\"popup\"><i class=\"fa fa-eye\"></i>&nbsp;Tagging scars&nbsp<i class=\"fa fa-question-circle-o\"></i></div><div class=\"popup\"><i class=\"fa fa-eye\"></i>&nbsp;Propeller damage&nbsp<i class=\"fa fa-question-circle-o\"></i></div><div class=\"popup\"><i class=\"fa fa-eye\"></i>&nbsp;Entanglement&nbsp<i class=\"fa fa-question-circle-o\"></i></div><div class=\"popup\"><i class=\"fa fa-eye\"></i>&nbsp;More in photos&nbsp<i class=\"fa fa-question-circle-o\"></i></div><div class=\"popup\"><i class=\"fa fa-bar-chart\"></i>&nbsp;CCL&nbsp;907&nbsp;mm&nbsp;<i class=\"fa fa-balance-scale\"></i></div><div class=\"popup\"><i class=\"fa fa-bar-chart\"></i>&nbsp;CCN&nbsp;None&nbsp;mm&nbsp;<i class=\"fa fa-question-circle-o\"></i></div><div class=\"popup\"><i class=\"fa fa-bar-chart\"></i>&nbsp;CCW&nbsp;755&nbsp;mm&nbsp;<i class=\"fa fa-balance-scale\"></i></div><div class=\"popup\"><i class=\"fa fa-bar-chart\"></i>&nbsp;TL&nbsp;None&nbsp;mm&nbsp;<i class=\"fa fa-question-circle-o\"></i></div><div class=\"popup\"><i class=\"fa fa-bar-chart\"></i>&nbsp;HW&nbsp;121&nbsp;mm&nbsp;<i class=\"fa fa-balance-scale\"></i></div><div class=\"popup\"><i class=\"fa fa-arrrow-right\"></i>&nbsp;Left in situ. Painted.</div><div class=\"popup\"><i class=\"fa fa-film\"></i>&nbsp;<a href=\"/media/attachments/2016/08/10/130717_L_Bandi_Bay_2_20.87496_115.32072_PK.pdf\" target=\"_\">data sheet with pictures</a></div><div class=\"popup\">&nbsp;<a href=/admin/observations/animalencounter/1/change/ target=\"_\"><i class=\"fa fa-pencil\"></i></a></div><div class=\"popup\"><span class=\"tag tag-danger\">New</span></div>"
    }
},
{
    "model": "observations.encounter",
    "pk": 2,
    "fields": {
        "polymorphic_ctype": [
            "observations",
            "animalencounter"
        ],
        "status": "new",
        "when": "2015-08-07T15:55:00Z",
        "where": "SRID=4326;POINT (128.4165199999999913 -14.7978100000000001)",
        "location_accuracy": "10m",
        "observer": [
            "RyanDou"
        ],
        "reporter": [
            "CorrineS"
        ],
        "as_html": "<h4>Natator depressus (Flatback turtle)</h4><i class=\"fa fa-heartbeat\"></i>&nbsp;Alive (healthy) adult turtle female B - Beach: Below the vegetation line of the grass slope<div class=\"popup\"><i class=\"fa fa-calendar\"></i>&nbsp;07/08/2015 23:55:00 AWST</div><div class=\"popup\"><i class=\"fa fa-user\"></i>&nbsp;Ryan Douglas</div><div class=\"popup\"><i class=\"fa fa-bar-chart\"></i>&nbsp;CCL&nbsp;851&nbsp;mm&nbsp;<i class=\"fa fa-balance-scale\"></i></div><div class=\"popup\"><i class=\"fa fa-bar-chart\"></i>&nbsp;CCN&nbsp;None&nbsp;mm&nbsp;<i class=\"fa fa-question-circle-o\"></i></div><div class=\"popup\"><i class=\"fa fa-bar-chart\"></i>&nbsp;CCW&nbsp;722&nbsp;mm&nbsp;<i class=\"fa fa-balance-scale\"></i></div><div class=\"popup\"><i class=\"fa fa-bar-chart\"></i>&nbsp;TL&nbsp;None&nbsp;mm&nbsp;<i class=\"fa fa-question-circle-o\"></i></div><div class=\"popup\"><i class=\"fa fa-bar-chart\"></i>&nbsp;HW&nbsp;None&nbsp;mm&nbsp;<i class=\"fa fa-question-circle-o\"></i></div><div class=\"popup\"><i class=\"fa fa-home\"></i>&nbsp;Nest above high water mark, below dune with None eggs</div><div class=\"popup\"><i class=\"fa fa-tag\"></i>&nbsp;Flipper Tag WA96394 attached new to an animal on left front flipper, 1st scale from body/head&nbsp;<a href=/admin/observations/tagobservation/?q=WA96394 target=\"_\" class=\"btn btn-sm\"><i class=\"fa fa-history\"></i></a></div><div class=\"popup\"><i class=\"fa fa-tag\"></i>&nbsp;Flipper Tag WA96395 re-sighted as attached to animal on right front flipper, 1st scale from body/head&nbsp;<a href=/admin/observations/tagobservation/?q=WA96395 target=\"_\" class=\"btn btn-sm\"><i class=\"fa fa-history\"></i></a></div><div class=\"popup\"><i class=\"fa fa-tag\"></i>&nbsp;PIT Tag 900006000149793 attached new to an animal on neck, other, see comments&nbsp;<a href=/admin/observations/tagobservation/?q=900006000149793 target=\"_\" class=\"btn btn-sm\"><i class=\"fa fa-history\"></i></a></div><div class=\"popup\"><i class=\"fa fa-tag\"></i>&nbsp;Satellite Tag 134553 attached new to an animal on carapace, other, see comments&nbsp;<a href=/admin/observations/tagobservation/?q=134553 target=\"_\" class=\"btn btn-sm\"><i class=\"fa fa-history\"></i></a></div><div class=\"popup\"><i class=\"fa fa-tag\"></i>&nbsp;Biopsy Sample F5203 re-sighted as attached to animal on other, see comments, other, see comments&nbsp;<a href=/admin/observations/tagobservation/?q=F5203 target=\"_\" class=\"btn btn-sm\"><i class=\"fa fa-history\"></i></a></div><div class=\"popup\">&nbsp;<a href=/admin/observations/animalencounter/2/change/ target=\"_\"><i class=\"fa fa-pencil\"></i></a></div><div class=\"popup\"><span class=\"tag tag-danger\">New</span></div>"
    }
},
{
    "model": "observations.encounter",
    "pk": 3,
    "fields": {
        "polymorphic_ctype": [
            "observations",
            "turtlenestencounter"
        ],
        "status": "new",
        "when": "2016-08-10T07:52:00Z",
        "where": "SRID=4326;POINT (122.1420999999999992 -17.5153999999999996)",
        "location_accuracy": "1km",
        "observer": [
            "preston_manado"
        ],
        "reporter": [
            "preston_manado"
        ],
        "as_html": "<h4><div class=\"popup\">Natator depressus (Flatback turtle) nest in DS - Dune: Bare sand area, new</div></h4><div class=\"popup\"><i class=\"fa fa-calendar\"></i>&nbsp;10/08/2016 15:52:00 AWST</div><div class=\"popup\"><i class=\"fa fa-user\"></i>&nbsp;</div><div class=\"popup\"><i class=\"fa fa-home\"></i>&nbsp;Nest inside dune, spinifex with 56 eggs</div><div class=\"popup\">&nbsp;<a href=/admin/observations/turtlenestencounter/3/change/ target=\"_\"><i class=\"fa fa-pencil\"></i></a></div><div class=\"popup\"><span class=\"tag tag-danger\">New</span></div>"
    }
},
{
    "model": "observations.encounter",
    "pk": 4,
    "fields": {
        "polymorphic_ctype": [
            "observations",
            "animalencounter"
        ],
        "status": "new",
        "when": "2012-03-15T02:30:00Z",
        "where": "SRID=4326;POINT (113.0030584335400050 -25.5161695480340001)",
        "location_accuracy": "online-map",
        "observer": [
            "CorrineS"
        ],
        "reporter": [
            "CorrineS"
        ],
        "as_html": "<h4>Caretta caretta (Loggerhead turtle)</h4><i class=\"fa fa-heartbeat\"></i>&nbsp;Disarticulated (dead, no soft tissue remaining) adult turtle female DS - Dune: Bare sand area<div class=\"popup\"><i class=\"fa fa-calendar\"></i>&nbsp;15/03/2012 10:30:00 AWST</div><div class=\"popup\"><i class=\"fa fa-eye\"></i>&nbsp;Corrine Severin</div><div class=\"popup\"><i class=\"fa fa-pencil\"></i>&nbsp;Corrine Severin</div><div class=\"popup\"><i class=\"fa fa-bar-chart\"></i>&nbsp;CCL&nbsp;905&nbsp;mm&nbsp;<i class=\"fa fa-balance-scale\"></i></div><div class=\"popup\"><i class=\"fa fa-bar-chart\"></i>&nbsp;CCN&nbsp;None&nbsp;mm&nbsp;<i class=\"fa fa-question-circle-o\"></i></div><div class=\"popup\"><i class=\"fa fa-bar-chart\"></i>&nbsp;CCW&nbsp;830&nbsp;mm&nbsp;<i class=\"fa fa-balance-scale\"></i></div><div class=\"popup\"><i class=\"fa fa-bar-chart\"></i>&nbsp;TL&nbsp;None&nbsp;mm&nbsp;<i class=\"fa fa-question-circle-o\"></i></div><div class=\"popup\"><i class=\"fa fa-bar-chart\"></i>&nbsp;HW&nbsp;None&nbsp;mm&nbsp;<i class=\"fa fa-question-circle-o\"></i></div><div class=\"popup\"><i class=\"fa fa-tag\"></i>&nbsp;Flipper Tag WA49138 taken off an animal on left front flipper, 1st scale from body/head&nbsp;<a href=/admin/observations/tagobservation/?q=WA49138 target=\"_\" class=\"btn btn-sm\"><i class=\"fa fa-history\"></i></a></div><div class=\"popup\"><i class=\"fa fa-film\"></i>&nbsp;<a href=\"/media/attachments/2016/08/11/2010-05-26_P1000486.JPG\" target=\"_\">General photo</a></div><div class=\"popup\"><i class=\"fa fa-film\"></i>&nbsp;<a href=\"/media/attachments/2016/08/11/2012-06-01_DSCN0348.JPG\" target=\"_\">Right of head photo</a></div><div class=\"popup\"><i class=\"fa fa-film\"></i>&nbsp;<a href=\"/media/attachments/2016/08/11/2012-06-01_DSCN0349.JPG\" target=\"_\">Front of turtle</a></div><div class=\"popup\"><i class=\"fa fa-film\"></i>&nbsp;<a href=\"/media/attachments/2016/08/11/2012-06-01_P1080504.JPG\" target=\"_\">Front of turtle with male person</a></div><div class=\"popup\"><i class=\"fa fa-film\"></i>&nbsp;<a href=\"/media/attachments/2016/08/11/2012-06-01_P1080505.JPG\" target=\"_\">Front of turtle with female person</a></div><div class=\"popup\"><i class=\"fa fa-film\"></i>&nbsp;<a href=\"/media/attachments/2016/08/11/2013-06-12_DSCF5105.JPG\" target=\"_\">Front of turtle with male person 2</a></div><div class=\"popup\"><i class=\"fa fa-film\"></i>&nbsp;<a href=\"/media/attachments/2016/08/11/2013-06-12_DSCF5108.JPG\" target=\"_\">Front of turtle with female person 2</a></div><div class=\"popup\"><i class=\"fa fa-film\"></i>&nbsp;<a href=\"/media/attachments/2016/08/11/2013-06-12_DSCF5109.JPG\" target=\"_\">Front of turtle with female person 3</a></div><div class=\"popup\"><i class=\"fa fa-film\"></i>&nbsp;<a href=\"/media/attachments/2016/08/11/2013-06-12_DSCF5110.JPG\" target=\"_\">Flipper tag</a></div><div class=\"popup\"><i class=\"fa fa-film\"></i>&nbsp;<a href=\"/media/attachments/2016/08/11/2013-06-12_DSCF5111.JPG\" target=\"_\">Back of flipper tag</a></div><div class=\"popup\"><i class=\"fa fa-film\"></i>&nbsp;<a href=\"/media/attachments/2016/08/11/2013-06-12_DSCF5113.JPG\" target=\"_\">Side of turtle bones</a></div><div class=\"popup\"><i class=\"fa fa-film\"></i>&nbsp;<a href=\"/media/attachments/2016/08/11/2013-06-12_DSCF5114.JPG\" target=\"_\">Front of turtle</a></div><div class=\"popup\"><i class=\"fa fa-film\"></i>&nbsp;<a href=\"/media/attachments/2016/08/11/2013-06-12_DSCF5117.JPG\" target=\"_\">Front of turtle</a></div><div class=\"popup\"><i class=\"fa fa-film\"></i>&nbsp;<a href=\"/media/attachments/2016/08/11/2013-06-12_DSCF5118.JPG\" target=\"_\">Front right of turtle</a></div><div class=\"popup\"><i class=\"fa fa-film\"></i>&nbsp;<a href=\"/media/attachments/2016/08/11/2013-06-12_DSCF5118_avkzIfq.JPG\" target=\"_\">Back of turtle</a></div><div class=\"popup\"><i class=\"fa fa-film\"></i>&nbsp;<a href=\"/media/attachments/2016/08/11/2016-60-12_DSCF5112.JPG\" target=\"_\">General turtle photo</a></div><div class=\"popup\"><i class=\"fa fa-film\"></i>&nbsp;<a href=\"/media/attachments/2016/08/11/WA49138_reco.pdf\" target=\"_\">Information sheet</a></div><div class=\"popup\"><i class=\"fa fa-film\"></i>&nbsp;<a href=\"/media/attachments/2016/08/11/FW_Loggerhead_turtle_tag_-_dirk_hartog__WA49138.txt\" target=\"_\">Email 1</a></div><div class=\"popup\"><i class=\"fa fa-film\"></i>&nbsp;<a href=\"/media/attachments/2016/08/11/RE_Loggerhead_turtle_tag_-_dirk_hartog__WA49138_2.txt\" target=\"_\">Email 2</a></div><div class=\"popup\"><i class=\"fa fa-film\"></i>&nbsp;<a href=\"/media/attachments/2016/08/11/RE_Loggerhead_turtle_tag_-_dirk_hartog__WA49138.txt\" target=\"_\">Email 3</a></div><div class=\"popup\">&nbsp;<a href=/admin/observations/animalencounter/4/change/ target=\"_\"><i class=\"fa fa-pencil\"></i></a></div><div class=\"popup\"><span class=\"tag tag-danger\">New</span></div>"
    }
},
{
    "model": "observations.encounter",
    "pk": 5,
    "fields": {
        "polymorphic_ctype": [
            "observations",
            "animalencounter"
        ],
        "status": "new",
        "when": "2005-01-18T19:29:00Z",
        "where": "SRID=4326;POINT (113.7319755554199929 -22.4917106628419994)",
        "location_accuracy": "1nm",
        "observer": [
            "BobP"
        ],
        "reporter": [
            "BobP"
        ],
        "as_html": "<h4>Caretta caretta (Loggerhead turtle)</h4><i class=\"fa fa-heartbeat\"></i>&nbsp;Alive (healthy) adult turtle female not observed<div class=\"popup\"><i class=\"fa fa-calendar\"></i>&nbsp;19/01/2005 03:29:00 AWST</div><div class=\"popup\"><i class=\"fa fa-eye\"></i>&nbsp;Bob Prince</div><div class=\"popup\"><i class=\"fa fa-pencil\"></i>&nbsp;Bob Prince</div><div class=\"popup\">&nbsp;<a href=/admin/observations/animalencounter/None/change/ target=\"_\"><i class=\"fa fa-pencil\"></i></a></div><div class=\"popup\"><span class=\"tag tag-danger\">New</span></div>"
    }
},
{
    "model": "observations.encounter",
    "pk": 6,
    "fields": {
        "polymorphic_ctype": [
            "observations",
            "animalencounter"
        ],
        "status": "new",
        "when": "2009-03-31T16:00:00Z",
        "where": "SRID=4326;POINT (115.7477951049999945 -31.8560104370139996)",
        "location_accuracy": "1nm",
        "observer": [
            "amanda_gatt"
        ],
        "reporter": [
            "amanda_gatt"
        ],
        "as_html": "<h4>Chelonia mydas (Green turtle)</h4><i class=\"fa fa-heartbeat\"></i>&nbsp;Dead (decomposed but organs intact) not observed sex not determined or not examined B - Beach: Below the vegetation line of the grass slope<div class=\"popup\"><i class=\"fa fa-calendar\"></i>&nbsp;01/04/2009 00:00:00 AWST</div><div class=\"popup\"><i class=\"fa fa-eye\"></i>&nbsp;Amanda Gatt</div><div class=\"popup\"><i class=\"fa fa-pencil\"></i>&nbsp;Amanda Gatt</div><div class=\"popup\"><i class=\"fa fa-eye\"></i>&nbsp;Damage&nbsp<i class=\"fa fa-check\"></i></div><div class=\"popup\"><i class=\"fa fa-eye\"></i>&nbsp;PIT tags scanned&nbsp<i class=\"fa fa-question-circle-o\"></i></div><div class=\"popup\"><i class=\"fa fa-eye\"></i>&nbsp;Missing Limbs&nbsp<i class=\"fa fa-check\"></i></div><div class=\"popup\"><i class=\"fa fa-eye\"></i>&nbsp;Barnacles&nbsp<i class=\"fa fa-times\"></i></div><div class=\"popup\"><i class=\"fa fa-eye\"></i>&nbsp;Algal growth&nbsp<i class=\"fa fa-times\"></i></div><div class=\"popup\"><i class=\"fa fa-eye\"></i>&nbsp;Tagging scars&nbsp<i class=\"fa fa-question-circle-o\"></i></div><div class=\"popup\"><i class=\"fa fa-eye\"></i>&nbsp;Propeller damage&nbsp<i class=\"fa fa-question-circle-o\"></i></div><div class=\"popup\"><i class=\"fa fa-eye\"></i>&nbsp;Entanglement&nbsp<i class=\"fa fa-question-circle-o\"></i></div><div class=\"popup\"><i class=\"fa fa-eye\"></i>&nbsp;More in photos&nbsp<i class=\"fa fa-check\"></i></div><div class=\"popup\"><i class=\"fa fa-bolt\"></i>&nbsp;head: fresh entire amputation</div><div class=\"popup\"><i class=\"fa fa-bolt\"></i>&nbsp;front left flipper: fresh entire amputation</div><div class=\"popup\"><i class=\"fa fa-bolt\"></i>&nbsp;front right flipper: fresh entire amputation</div><div class=\"popup\"><i class=\"fa fa-bolt\"></i>&nbsp;rear left flipper: fresh entire amputation</div><div class=\"popup\"><i class=\"fa fa-bolt\"></i>&nbsp;rear right flipper: fresh entire amputation</div><div class=\"popup\"><i class=\"fa fa-bar-chart\"></i>&nbsp;CCL&nbsp;600&nbsp;mm&nbsp;<i class=\"fa fa-balance-scale\"></i></div><div class=\"popup\"><i class=\"fa fa-bar-chart\"></i>&nbsp;CCN&nbsp;None&nbsp;mm&nbsp;<i class=\"fa fa-question-circle-o\"></i></div><div class=\"popup\"><i class=\"fa fa-bar-chart\"></i>&nbsp;CCW&nbsp;500&nbsp;mm&nbsp;<i class=\"fa fa-balance-scale\"></i></div><div class=\"popup\"><i class=\"fa fa-bar-chart\"></i>&nbsp;TL&nbsp;30&nbsp;mm&nbsp;<i class=\"fa fa-balance-scale\"></i></div><div class=\"popup\"><i class=\"fa fa-bar-chart\"></i>&nbsp;HW&nbsp;None&nbsp;mm&nbsp;<i class=\"fa fa-question-circle-o\"></i></div><div class=\"popup\"><i class=\"fa fa-arrrow-right\"></i>&nbsp;Moved by ranger Amanda Gatt above high water mark to prevent it from washing further along the beach. Disposed of by Joondalup Council.</div><div class=\"popup\"><i class=\"fa fa-film\"></i>&nbsp;<a href=\"/media/attachments/2016/08/11/Turtle_Report_form.jpg\" target=\"_\">data sheet</a></div><div class=\"popup\"><i class=\"fa fa-film\"></i>&nbsp;<a href=\"/media/attachments/2016/08/11/2009-04-01_with_person.JPG\" target=\"_\">total with person</a></div><div class=\"popup\"><i class=\"fa fa-film\"></i>&nbsp;<a href=\"/media/attachments/2016/08/11/2009-04-01_length_reference.JPG\" target=\"_\">total with length reference</a></div><div class=\"popup\"><i class=\"fa fa-film\"></i>&nbsp;<a href=\"/media/attachments/2016/08/11/2009-04-01_missing_head_and_front_flippers.JPG\" target=\"_\">missing head and front flippers</a></div><div class=\"popup\"><i class=\"fa fa-film\"></i>&nbsp;<a href=\"/media/attachments/2016/08/11/2009-04-01_missing_rear_flippers.JPG\" target=\"_\">missing rear flippers</a></div><div class=\"popup\"><i class=\"fa fa-film\"></i>&nbsp;<a href=\"/media/attachments/2016/08/11/2009-04-01_tail_closeup.JPG\" target=\"_\">tail closeup 1</a></div><div class=\"popup\"><i class=\"fa fa-film\"></i>&nbsp;<a href=\"/media/attachments/2016/08/11/2009-04-01_tail_closeup_2.JPG\" target=\"_\">tail closeup 2</a></div><div class=\"popup\"><i class=\"fa fa-film\"></i>&nbsp;<a href=\"/media/attachments/2016/08/11/2009-04-01_tail_closeup_3.JPG\" target=\"_\">tail closeup 3</a></div><div class=\"popup\"><i class=\"fa fa-film\"></i>&nbsp;<a href=\"/media/attachments/2016/08/11/2009-04-01_total.JPG\" target=\"_\">total</a></div><div class=\"popup\"><i class=\"fa fa-film\"></i>&nbsp;<a href=\"/media/attachments/2016/08/11/2009-04-01_total_right.JPG\" target=\"_\">total from right</a></div><div class=\"popup\">&nbsp;<a href=/admin/observations/animalencounter/6/change/ target=\"_\"><i class=\"fa fa-pencil\"></i></a></div><div class=\"popup\"><span class=\"tag tag-danger\">New</span></div>"
    }
},
{
    "model": "observations.animalencounter",
    "pk": 5,
    "fields": {
        "taxon": "Cheloniidae",
        "species": "Caretta caretta",
        "sex": "female",
        "maturity": "turtle-adult",
        "health": "alive",
        "activity": "digging-body-pit",
        "behaviour": "nesting",
        "habitat": "na"
    }
},
{
    "model": "observations.animalencounter",
    "pk": 6,
    "fields": {
        "taxon": "Cheloniidae",
        "species": "Chelonia mydas",
        "sex": "na",
        "maturity": "na",
        "health": "dead-organs-intact",
        "activity": "na",
        "behaviour": "",
        "habitat": "beach"
    }
},
{
    "model": "observations.animalencounter",
    "pk": 4,
    "fields": {
        "taxon": "Cheloniidae",
        "species": "Caretta caretta",
        "sex": "female",
        "maturity": "turtle-adult",
        "health": "dead-disarticulated",
        "activity": "other",
        "behaviour": "",
        "habitat": "dune-bare-sand"
    }
},
{
    "model": "observations.animalencounter",
    "pk": 1,
    "fields": {
        "taxon": "Cheloniidae",
        "species": "Chelonia mydas",
        "sex": "na",
        "maturity": "na",
        "health": "dead-mummified",
        "activity": "na",
        "behaviour": "",
        "habitat": "beach"
    }
},
{
    "model": "observations.animalencounter",
    "pk": 2,
    "fields": {
        "taxon": "Cheloniidae",
        "species": "Natator depressus",
        "sex": "female",
        "maturity": "turtle-adult",
        "health": "alive",
        "activity": "returning-to-water",
        "behaviour": "",
        "habitat": "beach"
    }
},
{
    "model": "observations.turtlenestencounter",
    "pk": 3,
    "fields": {
        "nest_age": "new",
        "species": "Natator depressus",
        "habitat": "dune-bare-sand"
    }
},
{
    "model": "observations.observation",
    "pk": 1,
    "fields": {
        "polymorphic_ctype": [
            "observations",
            "distinguishingfeatureobservation"
        ],
        "encounter": 1
    }
},
{
    "model": "observations.observation",
    "pk": 2,
    "fields": {
        "polymorphic_ctype": [
            "observations",
            "turtlemorphometricobservation"
        ],
        "encounter": 1
    }
},
{
    "model": "observations.observation",
    "pk": 3,
    "fields": {
        "polymorphic_ctype": [
            "observations",
            "managementaction"
        ],
        "encounter": 1
    }
},
{
    "model": "observations.observation",
    "pk": 4,
    "fields": {
        "polymorphic_ctype": [
            "observations",
            "mediaattachment"
        ],
        "encounter": 1
    }
},
{
    "model": "observations.observation",
    "pk": 5,
    "fields": {
        "polymorphic_ctype": [
            "observations",
            "turtlemorphometricobservation"
        ],
        "encounter": 2
    }
},
{
    "model": "observations.observation",
    "pk": 6,
    "fields": {
        "polymorphic_ctype": [
            "observations",
            "turtlenestobservation"
        ],
        "encounter": 2
    }
},
{
    "model": "observations.observation",
    "pk": 7,
    "fields": {
        "polymorphic_ctype": [
            "observations",
            "tagobservation"
        ],
        "encounter": 2
    }
},
{
    "model": "observations.observation",
    "pk": 8,
    "fields": {
        "polymorphic_ctype": [
            "observations",
            "tagobservation"
        ],
        "encounter": 2
    }
},
{
    "model": "observations.observation",
    "pk": 9,
    "fields": {
        "polymorphic_ctype": [
            "observations",
            "tagobservation"
        ],
        "encounter": 2
    }
},
{
    "model": "observations.observation",
    "pk": 10,
    "fields": {
        "polymorphic_ctype": [
            "observations",
            "tagobservation"
        ],
        "encounter": 2
    }
},
{
    "model": "observations.observation",
    "pk": 11,
    "fields": {
        "polymorphic_ctype": [
            "observations",
            "tagobservation"
        ],
        "encounter": 2
    }
},
{
    "model": "observations.observation",
    "pk": 12,
    "fields": {
        "polymorphic_ctype": [
            "observations",
            "turtlenestobservation"
        ],
        "encounter": 3
    }
},
{
    "model": "observations.observation",
    "pk": 13,
    "fields": {
        "polymorphic_ctype": [
            "observations",
            "turtlemorphometricobservation"
        ],
        "encounter": 4
    }
},
{
    "model": "observations.observation",
    "pk": 14,
    "fields": {
        "polymorphic_ctype": [
            "observations",
            "tagobservation"
        ],
        "encounter": 4
    }
},
{
    "model": "observations.observation",
    "pk": 15,
    "fields": {
        "polymorphic_ctype": [
            "observations",
            "mediaattachment"
        ],
        "encounter": 4
    }
},
{
    "model": "observations.observation",
    "pk": 16,
    "fields": {
        "polymorphic_ctype": [
            "observations",
            "mediaattachment"
        ],
        "encounter": 4
    }
},
{
    "model": "observations.observation",
    "pk": 17,
    "fields": {
        "polymorphic_ctype": [
            "observations",
            "mediaattachment"
        ],
        "encounter": 4
    }
},
{
    "model": "observations.observation",
    "pk": 18,
    "fields": {
        "polymorphic_ctype": [
            "observations",
            "mediaattachment"
        ],
        "encounter": 4
    }
},
{
    "model": "observations.observation",
    "pk": 19,
    "fields": {
        "polymorphic_ctype": [
            "observations",
            "mediaattachment"
        ],
        "encounter": 4
    }
},
{
    "model": "observations.observation",
    "pk": 20,
    "fields": {
        "polymorphic_ctype": [
            "observations",
            "mediaattachment"
        ],
        "encounter": 4
    }
},
{
    "model": "observations.observation",
    "pk": 21,
    "fields": {
        "polymorphic_ctype": [
            "observations",
            "mediaattachment"
        ],
        "encounter": 4
    }
},
{
    "model": "observations.observation",
    "pk": 22,
    "fields": {
        "polymorphic_ctype": [
            "observations",
            "mediaattachment"
        ],
        "encounter": 4
    }
},
{
    "model": "observations.observation",
    "pk": 23,
    "fields": {
        "polymorphic_ctype": [
            "observations",
            "mediaattachment"
        ],
        "encounter": 4
    }
},
{
    "model": "observations.observation",
    "pk": 24,
    "fields": {
        "polymorphic_ctype": [
            "observations",
            "mediaattachment"
        ],
        "encounter": 4
    }
},
{
    "model": "observations.observation",
    "pk": 25,
    "fields": {
        "polymorphic_ctype": [
            "observations",
            "mediaattachment"
        ],
        "encounter": 4
    }
},
{
    "model": "observations.observation",
    "pk": 26,
    "fields": {
        "polymorphic_ctype": [
            "observations",
            "mediaattachment"
        ],
        "encounter": 4
    }
},
{
    "model": "observations.observation",
    "pk": 27,
    "fields": {
        "polymorphic_ctype": [
            "observations",
            "mediaattachment"
        ],
        "encounter": 4
    }
},
{
    "model": "observations.observation",
    "pk": 28,
    "fields": {
        "polymorphic_ctype": [
            "observations",
            "mediaattachment"
        ],
        "encounter": 4
    }
},
{
    "model": "observations.observation",
    "pk": 29,
    "fields": {
        "polymorphic_ctype": [
            "observations",
            "mediaattachment"
        ],
        "encounter": 4
    }
},
{
    "model": "observations.observation",
    "pk": 30,
    "fields": {
        "polymorphic_ctype": [
            "observations",
            "mediaattachment"
        ],
        "encounter": 4
    }
},
{
    "model": "observations.observation",
    "pk": 31,
    "fields": {
        "polymorphic_ctype": [
            "observations",
            "mediaattachment"
        ],
        "encounter": 4
    }
},
{
    "model": "observations.observation",
    "pk": 32,
    "fields": {
        "polymorphic_ctype": [
            "observations",
            "mediaattachment"
        ],
        "encounter": 4
    }
},
{
    "model": "observations.observation",
    "pk": 33,
    "fields": {
        "polymorphic_ctype": [
            "observations",
            "mediaattachment"
        ],
        "encounter": 4
    }
},
{
    "model": "observations.observation",
    "pk": 34,
    "fields": {
        "polymorphic_ctype": [
            "observations",
            "mediaattachment"
        ],
        "encounter": 4
    }
},
{
    "model": "observations.observation",
    "pk": 35,
    "fields": {
        "polymorphic_ctype": [
            "observations",
            "managementaction"
        ],
        "encounter": 4
    }
},
{
    "model": "observations.observation",
    "pk": 36,
    "fields": {
        "polymorphic_ctype": [
            "observations",
            "tagobservation"
        ],
        "encounter": 5
    }
},
{
    "model": "observations.observation",
    "pk": 37,
    "fields": {
        "polymorphic_ctype": [
            "observations",
            "tagobservation"
        ],
        "encounter": 5
    }
},
{
    "model": "observations.observation",
    "pk": 38,
    "fields": {
        "polymorphic_ctype": [
            "observations",
            "mediaattachment"
        ],
        "encounter": 5
    }
},
{
    "model": "observations.observation",
    "pk": 39,
    "fields": {
        "polymorphic_ctype": [
            "observations",
            "distinguishingfeatureobservation"
        ],
        "encounter": 6
    }
},
{
    "model": "observations.observation",
    "pk": 40,
    "fields": {
        "polymorphic_ctype": [
            "observations",
            "turtledamageobservation"
        ],
        "encounter": 6
    }
},
{
    "model": "observations.observation",
    "pk": 41,
    "fields": {
        "polymorphic_ctype": [
            "observations",
            "turtledamageobservation"
        ],
        "encounter": 6
    }
},
{
    "model": "observations.observation",
    "pk": 42,
    "fields": {
        "polymorphic_ctype": [
            "observations",
            "turtledamageobservation"
        ],
        "encounter": 6
    }
},
{
    "model": "observations.observation",
    "pk": 43,
    "fields": {
        "polymorphic_ctype": [
            "observations",
            "turtledamageobservation"
        ],
        "encounter": 6
    }
},
{
    "model": "observations.observation",
    "pk": 44,
    "fields": {
        "polymorphic_ctype": [
            "observations",
            "turtledamageobservation"
        ],
        "encounter": 6
    }
},
{
    "model": "observations.observation",
    "pk": 45,
    "fields": {
        "polymorphic_ctype": [
            "observations",
            "turtlemorphometricobservation"
        ],
        "encounter": 6
    }
},
{
    "model": "observations.observation",
    "pk": 46,
    "fields": {
        "polymorphic_ctype": [
            "observations",
            "managementaction"
        ],
        "encounter": 6
    }
},
{
    "model": "observations.observation",
    "pk": 47,
    "fields": {
        "polymorphic_ctype": [
            "observations",
            "mediaattachment"
        ],
        "encounter": 6
    }
},
{
    "model": "observations.observation",
    "pk": 48,
    "fields": {
        "polymorphic_ctype": [
            "observations",
            "mediaattachment"
        ],
        "encounter": 6
    }
},
{
    "model": "observations.observation",
    "pk": 49,
    "fields": {
        "polymorphic_ctype": [
            "observations",
            "mediaattachment"
        ],
        "encounter": 6
    }
},
{
    "model": "observations.observation",
    "pk": 50,
    "fields": {
        "polymorphic_ctype": [
            "observations",
            "mediaattachment"
        ],
        "encounter": 6
    }
},
{
    "model": "observations.observation",
    "pk": 51,
    "fields": {
        "polymorphic_ctype": [
            "observations",
            "mediaattachment"
        ],
        "encounter": 6
    }
},
{
    "model": "observations.observation",
    "pk": 52,
    "fields": {
        "polymorphic_ctype": [
            "observations",
            "mediaattachment"
        ],
        "encounter": 6
    }
},
{
    "model": "observations.observation",
    "pk": 53,
    "fields": {
        "polymorphic_ctype": [
            "observations",
            "mediaattachment"
        ],
        "encounter": 6
    }
},
{
    "model": "observations.observation",
    "pk": 54,
    "fields": {
        "polymorphic_ctype": [
            "observations",
            "mediaattachment"
        ],
        "encounter": 6
    }
},
{
    "model": "observations.observation",
    "pk": 55,
    "fields": {
        "polymorphic_ctype": [
            "observations",
            "mediaattachment"
        ],
        "encounter": 6
    }
},
{
    "model": "observations.observation",
    "pk": 56,
    "fields": {
        "polymorphic_ctype": [
            "observations",
            "mediaattachment"
        ],
        "encounter": 6
    }
},
{
    "model": "observations.mediaattachment",
    "pk": 4,
    "fields": {
        "media_type": "data_sheet",
        "title": "data sheet with pictures",
        "attachment": "attachments/2016/08/10/130717_L_Bandi_Bay_2_20.87496_115.32072_PK.pdf"
    }
},
{
    "model": "observations.mediaattachment",
    "pk": 15,
    "fields": {
        "media_type": "photograph",
        "title": "General photo",
        "attachment": "attachments/2016/08/11/2010-05-26_P1000486.JPG"
    }
},
{
    "model": "observations.mediaattachment",
    "pk": 16,
    "fields": {
        "media_type": "photograph",
        "title": "Right of head photo",
        "attachment": "attachments/2016/08/11/2012-06-01_DSCN0348.JPG"
    }
},
{
    "model": "observations.mediaattachment",
    "pk": 17,
    "fields": {
        "media_type": "photograph",
        "title": "Front of turtle",
        "attachment": "attachments/2016/08/11/2012-06-01_DSCN0349.JPG"
    }
},
{
    "model": "observations.mediaattachment",
    "pk": 18,
    "fields": {
        "media_type": "photograph",
        "title": "Front of turtle with male person",
        "attachment": "attachments/2016/08/11/2012-06-01_P1080504.JPG"
    }
},
{
    "model": "observations.mediaattachment",
    "pk": 19,
    "fields": {
        "media_type": "photograph",
        "title": "Front of turtle with female person",
        "attachment": "attachments/2016/08/11/2012-06-01_P1080505.JPG"
    }
},
{
    "model": "observations.mediaattachment",
    "pk": 20,
    "fields": {
        "media_type": "photograph",
        "title": "Front of turtle with male person 2",
        "attachment": "attachments/2016/08/11/2013-06-12_DSCF5105.JPG"
    }
},
{
    "model": "observations.mediaattachment",
    "pk": 21,
    "fields": {
        "media_type": "photograph",
        "title": "Front of turtle with female person 2",
        "attachment": "attachments/2016/08/11/2013-06-12_DSCF5108.JPG"
    }
},
{
    "model": "observations.mediaattachment",
    "pk": 22,
    "fields": {
        "media_type": "photograph",
        "title": "Front of turtle with female person 3",
        "attachment": "attachments/2016/08/11/2013-06-12_DSCF5109.JPG"
    }
},
{
    "model": "observations.mediaattachment",
    "pk": 23,
    "fields": {
        "media_type": "photograph",
        "title": "Flipper tag",
        "attachment": "attachments/2016/08/11/2013-06-12_DSCF5110.JPG"
    }
},
{
    "model": "observations.mediaattachment",
    "pk": 24,
    "fields": {
        "media_type": "photograph",
        "title": "Back of flipper tag",
        "attachment": "attachments/2016/08/11/2013-06-12_DSCF5111.JPG"
    }
},
{
    "model": "observations.mediaattachment",
    "pk": 25,
    "fields": {
        "media_type": "photograph",
        "title": "Side of turtle bones",
        "attachment": "attachments/2016/08/11/2013-06-12_DSCF5113.JPG"
    }
},
{
    "model": "observations.mediaattachment",
    "pk": 26,
    "fields": {
        "media_type": "photograph",
        "title": "Front of turtle",
        "attachment": "attachments/2016/08/11/2013-06-12_DSCF5114.JPG"
    }
},
{
    "model": "observations.mediaattachment",
    "pk": 27,
    "fields": {
        "media_type": "photograph",
        "title": "Front of turtle",
        "attachment": "attachments/2016/08/11/2013-06-12_DSCF5117.JPG"
    }
},
{
    "model": "observations.mediaattachment",
    "pk": 28,
    "fields": {
        "media_type": "photograph",
        "title": "Front right of turtle",
        "attachment": "attachments/2016/08/11/2013-06-12_DSCF5118.JPG"
    }
},
{
    "model": "observations.mediaattachment",
    "pk": 29,
    "fields": {
        "media_type": "photograph",
        "title": "Back of turtle",
        "attachment": "attachments/2016/08/11/2013-06-12_DSCF5118_avkzIfq.JPG"
    }
},
{
    "model": "observations.mediaattachment",
    "pk": 30,
    "fields": {
        "media_type": "photograph",
        "title": "General turtle photo",
        "attachment": "attachments/2016/08/11/2016-60-12_DSCF5112.JPG"
    }
},
{
    "model": "observations.mediaattachment",
    "pk": 31,
    "fields": {
        "media_type": "other",
        "title": "Information sheet",
        "attachment": "attachments/2016/08/11/WA49138_reco.pdf"
    }
},
{
    "model": "observations.mediaattachment",
    "pk": 32,
    "fields": {
        "media_type": "other",
        "title": "Email 1",
        "attachment": "attachments/2016/08/11/FW_Loggerhead_turtle_tag_-_dirk_hartog__WA49138.txt"
    }
},
{
    "model": "observations.mediaattachment",
    "pk": 33,
    "fields": {
        "media_type": "other",
        "title": "Email 2",
        "attachment": "attachments/2016/08/11/RE_Loggerhead_turtle_tag_-_dirk_hartog__WA49138_2.txt"
    }
},
{
    "model": "observations.mediaattachment",
    "pk": 34,
    "fields": {
        "media_type": "other",
        "title": "Email 3",
        "attachment": "attachments/2016/08/11/RE_Loggerhead_turtle_tag_-_dirk_hartog__WA49138.txt"
    }
},
{
    "model": "observations.mediaattachment",
    "pk": 38,
    "fields": {
        "media_type": "other",
        "title": "WAMTRAM turtle information sheet",
        "attachment": "attachments/2016/08/11/WA49138_reco_KuiRxf0.pdf"
    }
},
{
    "model": "observations.mediaattachment",
    "pk": 47,
    "fields": {
        "media_type": "data_sheet",
        "title": "data sheet",
        "attachment": "attachments/2016/08/11/Turtle_Report_form.jpg"
    }
},
{
    "model": "observations.mediaattachment",
    "pk": 48,
    "fields": {
        "media_type": "photograph",
        "title": "total with person",
        "attachment": "attachments/2016/08/11/2009-04-01_with_person.JPG"
    }
},
{
    "model": "observations.mediaattachment",
    "pk": 49,
    "fields": {
        "media_type": "photograph",
        "title": "total with length reference",
        "attachment": "attachments/2016/08/11/2009-04-01_length_reference.JPG"
    }
},
{
    "model": "observations.mediaattachment",
    "pk": 50,
    "fields": {
        "media_type": "photograph",
        "title": "missing head and front flippers",
        "attachment": "attachments/2016/08/11/2009-04-01_missing_head_and_front_flippers.JPG"
    }
},
{
    "model": "observations.mediaattachment",
    "pk": 51,
    "fields": {
        "media_type": "photograph",
        "title": "missing rear flippers",
        "attachment": "attachments/2016/08/11/2009-04-01_missing_rear_flippers.JPG"
    }
},
{
    "model": "observations.mediaattachment",
    "pk": 52,
    "fields": {
        "media_type": "photograph",
        "title": "tail closeup 1",
        "attachment": "attachments/2016/08/11/2009-04-01_tail_closeup.JPG"
    }
},
{
    "model": "observations.mediaattachment",
    "pk": 53,
    "fields": {
        "media_type": "photograph",
        "title": "tail closeup 2",
        "attachment": "attachments/2016/08/11/2009-04-01_tail_closeup_2.JPG"
    }
},
{
    "model": "observations.mediaattachment",
    "pk": 54,
    "fields": {
        "media_type": "photograph",
        "title": "tail closeup 3",
        "attachment": "attachments/2016/08/11/2009-04-01_tail_closeup_3.JPG"
    }
},
{
    "model": "observations.mediaattachment",
    "pk": 55,
    "fields": {
        "media_type": "photograph",
        "title": "total",
        "attachment": "attachments/2016/08/11/2009-04-01_total.JPG"
    }
},
{
    "model": "observations.mediaattachment",
    "pk": 56,
    "fields": {
        "media_type": "photograph",
        "title": "total from right",
        "attachment": "attachments/2016/08/11/2009-04-01_total_right.JPG"
    }
},
{
    "model": "observations.tagobservation",
    "pk": 7,
    "fields": {
        "tag_type": "flipper-tag",
        "side": "L",
        "position": "1",
        "name": "WA96394",
        "status": "attached",
        "comments": ""
    }
},
{
    "model": "observations.tagobservation",
    "pk": 8,
    "fields": {
        "tag_type": "flipper-tag",
        "side": "R",
        "position": "1",
        "name": "WA96395",
        "status": "recaptured",
        "comments": ""
    }
},
{
    "model": "observations.tagobservation",
    "pk": 9,
    "fields": {
        "tag_type": "pit-tag",
        "side": "N",
        "position": "O",
        "name": "900006000149793",
        "status": "attached",
        "comments": ""
    }
},
{
    "model": "observations.tagobservation",
    "pk": 10,
    "fields": {
        "tag_type": "satellite-tag",
        "side": "C",
        "position": "O",
        "name": "134553",
        "status": "attached",
        "comments": ""
    }
},
{
    "model": "observations.tagobservation",
    "pk": 11,
    "fields": {
        "tag_type": "biopsy-sample",
        "side": "O",
        "position": "O",
        "name": "F5203",
        "status": "recaptured",
        "comments": ""
    }
},
{
    "model": "observations.tagobservation",
    "pk": 14,
    "fields": {
        "tag_type": "flipper-tag",
        "side": "L",
        "position": "1",
        "name": "WA49138",
        "status": "detached",
        "comments": "Attached: WAMTRAM extract for tag WA49138."
    }
},
{
    "model": "observations.tagobservation",
    "pk": 36,
    "fields": {
        "tag_type": "flipper-tag",
        "side": "L",
        "position": "1",
        "name": "WA49138",
        "status": "attached",
        "comments": ""
    }
},
{
    "model": "observations.tagobservation",
    "pk": 37,
    "fields": {
        "tag_type": "flipper-tag",
        "side": "R",
        "position": "1",
        "name": "WA49139",
        "status": "attached",
        "comments": ""
    }
},
{
    "model": "observations.distinguishingfeatureobservation",
    "pk": 1,
    "fields": {
        "damage_injury": "absent",
        "scanned_for_pit_tags": "na",
        "missing_limbs": "na",
        "barnacles": "absent",
        "algal_growth": "na",
        "tagging_scars": "na",
        "propeller_damage": "na",
        "entanglement": "na",
        "see_photo": "na",
        "comments": ""
    }
},
{
    "model": "observations.distinguishingfeatureobservation",
    "pk": 39,
    "fields": {
        "damage_injury": "present",
        "scanned_for_pit_tags": "na",
        "missing_limbs": "present",
        "barnacles": "absent",
        "algal_growth": "absent",
        "tagging_scars": "na",
        "propeller_damage": "na",
        "entanglement": "na",
        "see_photo": "see photos",
        "comments": ""
    }
},
{
    "model": "observations.managementaction",
    "pk": 3,
    "fields": {
        "management_actions": "Left in situ. Painted.",
        "comments": ""
    }
},
{
    "model": "observations.managementaction",
    "pk": 35,
    "fields": {
        "management_actions": "email trail attached",
        "comments": "Bill Hope <bill@colong.com.au>: photos from 26 May 2010 are other remains, not this turtle. hence this turtle must have died between 26 May 2010 and 1 June 2012. Resighted on same, still very dead turtle 2013.\r\nBob: Bill's 2012 dated images suggest this tagged female loggerhead turtle may have wandered into that dune field and become lost some time in the preceding 2011 -12 nesting season.\r\nBob: Turtle was smaller than average size for WA nesting loggerheads"
    }
},
{
    "model": "observations.managementaction",
    "pk": 46,
    "fields": {
        "management_actions": "Moved by ranger Amanda Gatt above high water mark to prevent it from washing further along the beach. Disposed of by Joondalup Council.",
        "comments": ""
    }
},
{
    "model": "observations.turtlemorphometricobservation",
    "pk": 2,
    "fields": {
        "curved_carapace_length_mm": 907,
        "curved_carapace_length_accuracy": "measured",
        "curved_carapace_notch_mm": null,
        "curved_carapace_notch_accuracy": "unknown",
        "curved_carapace_width_mm": 755,
        "curved_carapace_width_accuracy": "measured",
        "tail_length_mm": null,
        "tail_length_accuracy": "unknown",
        "maximum_head_width_mm": 121,
        "maximum_head_width_accuracy": "measured"
    }
},
{
    "model": "observations.turtlemorphometricobservation",
    "pk": 5,
    "fields": {
        "curved_carapace_length_mm": 851,
        "curved_carapace_length_accuracy": "measured",
        "curved_carapace_notch_mm": null,
        "curved_carapace_notch_accuracy": "unknown",
        "curved_carapace_width_mm": 722,
        "curved_carapace_width_accuracy": "measured",
        "tail_length_mm": null,
        "tail_length_accuracy": "unknown",
        "maximum_head_width_mm": null,
        "maximum_head_width_accuracy": "unknown"
    }
},
{
    "model": "observations.turtlemorphometricobservation",
    "pk": 13,
    "fields": {
        "curved_carapace_length_mm": 905,
        "curved_carapace_length_accuracy": "measured",
        "curved_carapace_notch_mm": null,
        "curved_carapace_notch_accuracy": "unknown",
        "curved_carapace_width_mm": 830,
        "curved_carapace_width_accuracy": "measured",
        "tail_length_mm": null,
        "tail_length_accuracy": "unknown",
        "maximum_head_width_mm": null,
        "maximum_head_width_accuracy": "unknown"
    }
},
{
    "model": "observations.turtlemorphometricobservation",
    "pk": 45,
    "fields": {
        "curved_carapace_length_mm": 600,
        "curved_carapace_length_accuracy": "measured",
        "curved_carapace_notch_mm": null,
        "curved_carapace_notch_accuracy": "unknown",
        "curved_carapace_width_mm": 500,
        "curved_carapace_width_accuracy": "measured",
        "tail_length_mm": 30,
        "tail_length_accuracy": "measured",
        "maximum_head_width_mm": null,
        "maximum_head_width_accuracy": "unknown"
    }
},
{
    "model": "observations.turtlenestobservation",
    "pk": 6,
    "fields": {
        "nest_position": "above-hw",
        "eggs_laid": true,
        "egg_count": null
    }
},
{
    "model": "observations.turtlenestobservation",
    "pk": 12,
    "fields": {
        "nest_position": "in-dune",
        "eggs_laid": true,
        "egg_count": 56
    }
},
{
    "model": "observations.turtledamageobservation",
    "pk": 40,
    "fields": {
        "body_part": "head",
        "damage_type": "amputated-entirely",
        "damage_age": "fresh",
        "description": ""
    }
},
{
    "model": "observations.turtledamageobservation",
    "pk": 41,
    "fields": {
        "body_part": "flipper-front-left",
        "damage_type": "amputated-entirely",
        "damage_age": "fresh",
        "description": ""
    }
},
{
    "model": "observations.turtledamageobservation",
    "pk": 42,
    "fields": {
        "body_part": "flipper-front-right",
        "damage_type": "amputated-entirely",
        "damage_age": "fresh",
        "description": ""
    }
},
{
    "model": "observations.turtledamageobservation",
    "pk": 43,
    "fields": {
        "body_part": "flipper-rear-left",
        "damage_type": "amputated-entirely",
        "damage_age": "fresh",
        "description": ""
    }
},
{
    "model": "observations.turtledamageobservation",
    "pk": 44,
    "fields": {
        "body_part": "flipper-rear-right",
        "damage_type": "amputated-entirely",
        "damage_age": "fresh",
        "description": ""
    }
}
]
